NODE;X;Y;Z
1;-100.000000000;0.00000000000;0.00000000000
2;-20.0000000000;0.00000000000;0.00000000000
3;-98.0000000000;0.00000000000;0.00000000000
4;-96.0000000000;0.00000000000;0.00000000000
5;-94.0000000000;0.00000000000;0.00000000000
6;-92.0000000000;0.00000000000;0.00000000000
7;-90.0000000000;0.00000000000;0.00000000000
8;-88.0000000000;0.00000000000;0.00000000000
9;-86.0000000000;0.00000000000;0.00000000000
10;-84.0000000000;0.00000000000;0.00000000000
11;-82.0000000000;0.00000000000;0.00000000000
12;-80.0000000000;0.00000000000;0.00000000000
13;-78.0000000000;0.00000000000;0.00000000000
14;-76.0000000000;0.00000000000;0.00000000000
15;-74.0000000000;0.00000000000;0.00000000000
16;-72.0000000000;0.00000000000;0.00000000000
17;-70.0000000000;0.00000000000;0.00000000000
18;-68.0000000000;0.00000000000;0.00000000000
19;-66.0000000000;0.00000000000;0.00000000000
20;-64.0000000000;0.00000000000;0.00000000000
;;;
NODE;X;Y;Z
21;-62.0000000000;0.00000000000;0.00000000000
22;-60.0000000000;0.00000000000;0.00000000000
23;-58.0000000000;0.00000000000;0.00000000000
24;-56.0000000000;0.00000000000;0.00000000000
25;-54.0000000000;0.00000000000;0.00000000000
26;-52.0000000000;0.00000000000;0.00000000000
27;-50.0000000000;0.00000000000;0.00000000000
28;-48.0000000000;0.00000000000;0.00000000000
29;-46.0000000000;0.00000000000;0.00000000000
30;-44.0000000000;0.00000000000;0.00000000000
31;-42.0000000000;0.00000000000;0.00000000000
32;-40.0000000000;0.00000000000;0.00000000000
33;-38.0000000000;0.00000000000;0.00000000000
34;-36.0000000000;0.00000000000;0.00000000000
35;-34.0000000000;0.00000000000;0.00000000000
36;-32.0000000000;0.00000000000;0.00000000000
37;-30.0000000000;0.00000000000;0.00000000000
38;-28.0000000000;0.00000000000;0.00000000000
39;-26.0000000000;0.00000000000;0.00000000000
40;-24.0000000000;0.00000000000;0.00000000000
;;;
NODE;X;Y;Z
41;-22.0000000000;0.00000000000;0.00000000000
42;0.00000000000;20.0000000000;0.00000000000
43;-1.96034280737;19.9036945334;0.00000000000
44;-3.90180644196;19.6157056077;0.00000000000
45;-5.80569354756;19.1388067139;0.00000000000
46;-7.65366865052;18.4775906489;0.00000000000
47;-9.42793474039;17.6384252849;0.00000000000
48;-11.1114046648;16.6293922431;0.00000000000
49;-12.6878656881;15.4602090633;0.00000000000
50;-14.1421356289;14.1421356186;0.00000000000
51;-15.4602090725;12.6878656769;0.00000000000
52;-16.6293922511;11.1114046528;0.00000000000
53;-17.6384252917;9.42793472769;0.00000000000
54;-18.4775906544;7.65366863721;0.00000000000
55;-19.1388067181;5.80569353377;0.00000000000
56;-19.6157056105;3.90180642783;0.00000000000
57;-19.9036945348;1.96034279304;0.00000000000
58;0.00000000000;50.0000000000;0.00000000000
59;0.00000000000;48.1250000000;0.00000000000
60;0.00000000000;46.2500000000;0.00000000000
;;;
NODE;X;Y;Z
61;0.00000000000;44.3750000000;0.00000000000
62;0.00000000000;42.5000000000;0.00000000000
63;0.00000000000;40.6250000000;0.00000000000
64;0.00000000000;38.7500000000;0.00000000000
65;0.00000000000;36.8750000000;0.00000000000
66;0.00000000000;35.0000000000;0.00000000000
67;0.00000000000;33.1250000000;0.00000000000
68;0.00000000000;31.2500000000;0.00000000000
69;0.00000000000;29.3750000000;0.00000000000
70;0.00000000000;27.5000000000;0.00000000000
71;0.00000000000;25.6250000000;0.00000000000
72;0.00000000000;23.7500000000;0.00000000000
73;0.00000000000;21.8750000000;0.00000000000
74;-100.000000000;50.0000000000;0.00000000000
75;-2.00000000000;50.0000000000;0.00000000000
76;-4.00000000000;50.0000000000;0.00000000000
77;-6.00000000000;50.0000000000;0.00000000000
78;-8.00000000000;50.0000000000;0.00000000000
79;-10.0000000000;50.0000000000;0.00000000000
80;-12.0000000000;50.0000000000;0.00000000000
;;;
NODE;X;Y;Z
81;-14.0000000000;50.0000000000;0.00000000000
82;-16.0000000000;50.0000000000;0.00000000000
83;-18.0000000000;50.0000000000;0.00000000000
84;-20.0000000000;50.0000000000;0.00000000000
85;-22.0000000000;50.0000000000;0.00000000000
86;-24.0000000000;50.0000000000;0.00000000000
87;-26.0000000000;50.0000000000;0.00000000000
88;-28.0000000000;50.0000000000;0.00000000000
89;-30.0000000000;50.0000000000;0.00000000000
90;-32.0000000000;50.0000000000;0.00000000000
91;-34.0000000000;50.0000000000;0.00000000000
92;-36.0000000000;50.0000000000;0.00000000000
93;-38.0000000000;50.0000000000;0.00000000000
94;-40.0000000000;50.0000000000;0.00000000000
95;-42.0000000000;50.0000000000;0.00000000000
96;-44.0000000000;50.0000000000;0.00000000000
97;-46.0000000000;50.0000000000;0.00000000000
98;-48.0000000000;50.0000000000;0.00000000000
99;-50.0000000000;50.0000000000;0.00000000000
100;-52.0000000000;50.0000000000;0.00000000000
;;;
NODE;X;Y;Z
101;-54.0000000000;50.0000000000;0.00000000000
102;-56.0000000000;50.0000000000;0.00000000000
103;-58.0000000000;50.0000000000;0.00000000000
104;-60.0000000000;50.0000000000;0.00000000000
105;-62.0000000000;50.0000000000;0.00000000000
106;-64.0000000000;50.0000000000;0.00000000000
107;-66.0000000000;50.0000000000;0.00000000000
108;-68.0000000000;50.0000000000;0.00000000000
109;-70.0000000000;50.0000000000;0.00000000000
110;-72.0000000000;50.0000000000;0.00000000000
111;-74.0000000000;50.0000000000;0.00000000000
112;-76.0000000000;50.0000000000;0.00000000000
113;-78.0000000000;50.0000000000;0.00000000000
114;-80.0000000000;50.0000000000;0.00000000000
115;-82.0000000000;50.0000000000;0.00000000000
116;-84.0000000000;50.0000000000;0.00000000000
117;-86.0000000000;50.0000000000;0.00000000000
118;-88.0000000000;50.0000000000;0.00000000000
119;-90.0000000000;50.0000000000;0.00000000000
120;-92.0000000000;50.0000000000;0.00000000000
;;;
NODE;X;Y;Z
121;-94.0000000000;50.0000000000;0.00000000000
122;-96.0000000000;50.0000000000;0.00000000000
123;-98.0000000000;50.0000000000;0.00000000000
124;-100.000000000;48.0769230769;0.00000000000
125;-100.000000000;46.1538461538;0.00000000000
126;-100.000000000;44.2307692308;0.00000000000
127;-100.000000000;42.3076923077;0.00000000000
128;-100.000000000;40.3846153846;0.00000000000
129;-100.000000000;38.4615384615;0.00000000000
130;-100.000000000;36.5384615385;0.00000000000
131;-100.000000000;34.6153846154;0.00000000000
132;-100.000000000;32.6923076923;0.00000000000
133;-100.000000000;30.7692307692;0.00000000000
134;-100.000000000;28.8461538461;0.00000000000
135;-100.000000000;26.9230769231;0.00000000000
136;-100.000000000;25.0000000000;0.00000000000
137;-100.000000000;23.0769230769;0.00000000000
138;-100.000000000;21.1538461539;0.00000000000
139;-100.000000000;19.2307692308;0.00000000000
140;-100.000000000;17.3076923077;0.00000000000
;;;
NODE;X;Y;Z
141;-100.000000000;15.3846153846;0.00000000000
142;-100.000000000;13.4615384615;0.00000000000
143;-100.000000000;11.5384615385;0.00000000000
144;-100.000000000;9.61538461539;0.00000000000
145;-100.000000000;7.69230769231;0.00000000000
146;-100.000000000;5.76923076923;0.00000000000
147;-100.000000000;3.84615384615;0.00000000000
148;-100.000000000;1.92307692308;0.00000000000
149;-79.5459135433;28.2034557757;0.00000000000
150;-80.5932172974;30.9188191815;0.00000000000
151;-77.4055670916;30.7590814067;0.00000000000
152;-79.1059823377;33.4686661773;0.00000000000
153;-85.4648705391;28.9268350595;0.00000000000
154;-14.5477566812;31.9386648393;0.00000000000
155;-23.2899903693;30.7216859524;0.00000000000
156;-21.7201324101;32.7258619262;0.00000000000
157;-20.5839437577;30.3570730355;0.00000000000
158;-84.8255284935;32.1384226383;0.00000000000
159;-82.5577804951;33.5321719342;0.00000000000
160;-7.64906546534;39.4315828076;0.00000000000
;;;
NODE;X;Y;Z
161;-13.3374471917;36.2299914777;0.00000000000
162;-2.29525305930;23.3357851954;0.00000000000
163;-2.72740728448;27.2845712945;0.00000000000
164;-2.99813427994;31.1910774160;0.00000000000
165;-2.87337333478;35.0188119506;0.00000000000
166;-2.51067422539;38.7566788641;0.00000000000
167;-2.10700232233;42.4491207419;0.00000000000
168;-23.5365175959;2.14976004983;0.00000000000
169;-31.5055508001;2.46757726812;0.00000000000
170;-35.5722943302;2.40564135134;0.00000000000
171;-39.6716242542;2.31107303555;0.00000000000
172;-43.7532121751;2.25587480482;0.00000000000
173;-47.8152238507;2.21263244239;0.00000000000
174;-51.8602557930;2.16655637929;0.00000000000
175;-55.8804338919;2.14366548531;0.00000000000
176;-59.9000308288;2.10722122921;0.00000000000
177;-63.9125710953;2.10633542190;0.00000000000
178;-67.9279030092;2.07178011221;0.00000000000
179;-71.9186183923;2.04010369752;0.00000000000
180;-75.9182189163;2.01023879103;0.00000000000
;;;
NODE;X;Y;Z
181;-79.9208752995;1.97981525138;0.00000000000
182;-83.9321927588;1.96708513590;0.00000000000
183;-87.9434545673;1.97358788414;0.00000000000
184;-91.9733397698;1.94738115628;0.00000000000
185;-95.9929440150;1.92946254573;0.00000000000
186;-20.0412910919;8.16487912480;0.00000000000
187;-18.0554732696;11.9785411429;0.00000000000
188;-15.2248941970;15.3032018098;0.00000000000
189;-11.8765638227;17.9937679044;0.00000000000
190;-8.20735348554;19.9649023338;0.00000000000
191;-97.9754186889;7.69652067426;0.00000000000
192;-97.9678759773;11.5332576184;0.00000000000
193;-97.9660349234;15.3376978563;0.00000000000
194;-97.9862832761;19.1593508721;0.00000000000
195;-98.0145290202;22.9916649547;0.00000000000
196;-97.9904626995;26.8273884257;0.00000000000
197;-97.9864200351;30.6767713760;0.00000000000
198;-97.9440759078;34.5167052629;0.00000000000
199;-97.8880715950;38.3445798893;0.00000000000
200;-97.8930977030;42.2093876843;0.00000000000
;;;
NODE;X;Y;Z
201;-97.9278886007;46.0829638239;0.00000000000
202;-91.8670177973;47.9221170462;0.00000000000
203;-87.8522850961;47.8300727943;0.00000000000
204;-83.8530404774;47.7604369085;0.00000000000
205;-79.8698643404;47.7246748808;0.00000000000
206;-75.8941193067;47.6976024124;0.00000000000
207;-71.9173364722;47.6895199600;0.00000000000
208;-67.9285768731;47.7546395001;0.00000000000
209;-63.9347562060;47.7647560692;0.00000000000
210;-59.9346131650;47.7751687776;0.00000000000
211;-55.9336628365;47.7840655741;0.00000000000
212;-51.9324433287;47.7916264113;0.00000000000
213;-47.9366265065;47.8024726112;0.00000000000
214;-43.9621396556;47.7891750818;0.00000000000
215;-39.9895067230;47.8132175647;0.00000000000
216;-36.0190371919;47.8494743242;0.00000000000
217;-32.0483133671;47.8964347207;0.00000000000
218;-28.0361468445;47.9423168383;0.00000000000
219;-24.0213919845;47.9573686437;0.00000000000
220;-19.9505118843;47.8650412200;0.00000000000
;;;
NODE;X;Y;Z
221;-15.9620295419;47.7205645535;0.00000000000
222;-11.9638329311;47.7341660469;0.00000000000
223;-8.10239538056;48.0851442200;0.00000000000
224;-4.24615628028;21.2686379992;0.00000000000
225;-5.02266034378;24.9953564899;0.00000000000
226;-5.72554156442;29.1006487105;0.00000000000
227;-5.87150761473;33.0848893667;0.00000000000
228;-5.38404756017;36.9004908148;0.00000000000
229;-4.61767654772;40.5807996060;0.00000000000
230;-21.3443704012;4.10066326375;0.00000000000
231;-33.0778451302;4.87321861946;0.00000000000
232;-37.2439185843;4.71671438689;0.00000000000
233;-41.4248364292;4.56694784037;0.00000000000
234;-45.5684360257;4.46850724721;0.00000000000
235;-49.6754796437;4.37918882168;0.00000000000
236;-53.7406896848;4.31022186460;0.00000000000
237;-57.7804647206;4.25088671452;0.00000000000
238;-61.8126019241;4.21355665110;0.00000000000
239;-65.8404741046;4.17811553411;0.00000000000
240;-69.8465214015;4.11188380973;0.00000000000
;;;
NODE;X;Y;Z
241;-73.8368373086;4.05034248855;0.00000000000
242;-77.8390942159;3.99005404241;0.00000000000
243;-81.8530680583;3.94690038728;0.00000000000
244;-85.8756473261;3.94067302004;0.00000000000
245;-89.9167943371;3.92096904042;0.00000000000
246;-93.9662837848;3.87684370201;0.00000000000
247;-97.9929440150;3.85253946881;0.00000000000
248;-20.5432729087;10.7608836227;0.00000000000
249;-22.3390133606;6.48780485603;0.00000000000
250;-17.8946035266;14.6549728170;0.00000000000
251;-10.7013806506;20.4051787921;0.00000000000
252;-6.67577221958;22.1868922047;0.00000000000
253;-95.9683627039;5.77982937384;0.00000000000
254;-95.9432946662;9.61439367727;0.00000000000
255;-95.9339109008;13.4094170131;0.00000000000
256;-95.9523181995;17.1893564207;0.00000000000
257;-96.0008122963;20.9971696730;0.00000000000
258;-96.0049917198;24.8190533804;0.00000000000
259;-95.9768827347;28.6580059555;0.00000000000
260;-95.9304959429;32.5011689466;0.00000000000
;;;
NODE;X;Y;Z
261;-95.8321475028;36.3228236138;0.00000000000
262;-95.7811692980;40.1693521890;0.00000000000
263;-95.8209863037;44.0615822775;0.00000000000
264;-95.9278886007;48.0060407469;0.00000000000
265;-89.7193028934;45.7521898405;0.00000000000
266;-85.7053255735;45.5905097028;0.00000000000
267;-81.7229048178;45.4851117893;0.00000000000
268;-77.7639836472;45.4222772932;0.00000000000
269;-73.8114557790;45.3871223724;0.00000000000
270;-69.8459133453;45.4441594602;0.00000000000
271;-65.8633330791;45.5193955694;0.00000000000
272;-61.8693693710;45.5399248469;0.00000000000
273;-57.8682760015;45.5592343517;0.00000000000
274;-53.8661061651;45.5756919854;0.00000000000
275;-49.8690698352;45.5940990225;0.00000000000
276;-45.8987661621;45.5916476930;0.00000000000
277;-41.9516463786;45.6023926466;0.00000000000
278;-38.0085439149;45.6626918890;0.00000000000
279;-34.0673505589;45.7459090450;0.00000000000
280;-30.0844602116;45.8387515590;0.00000000000
;;;
NODE;X;Y;Z
281;-26.0575388290;45.8996854819;0.00000000000
282;-21.9719038688;45.8224098637;0.00000000000
283;-17.9125414262;45.5856057735;0.00000000000
284;-13.9258624730;45.4547306004;0.00000000000
285;-10.0662283117;45.8193102669;0.00000000000
286;-9.10794972466;31.0345602915;0.00000000000
287;-8.32232479127;35.3621533795;0.00000000000
288;-5.86962534509;42.6980903300;0.00000000000
289;-30.4756543708;7.44269576438;0.00000000000
290;-34.8100152742;7.16549541773;0.00000000000
291;-39.1132403775;6.90862977459;0.00000000000
292;-43.3390035045;6.75342843783;0.00000000000
293;-47.5008502253;6.63908596877;0.00000000000
294;-51.6129364420;6.52357546812;0.00000000000
295;-55.6733085574;6.43517452085;0.00000000000
296;-59.7209300015;6.36549851761;0.00000000000
297;-63.7509918083;6.31950754950;0.00000000000
298;-67.7744128780;6.26212711286;0.00000000000
299;-71.7683764874;6.16910974416;0.00000000000
300;-75.7617321142;6.09131687273;0.00000000000
;;;
NODE;X;Y;Z
301;-79.7686463595;5.96320359062;0.00000000000
302;-83.7986167676;5.91234462480;0.00000000000
303;-87.8500469081;5.85141224081;0.00000000000
304;-91.9164176936;5.80098470218;0.00000000000
305;-23.6241813841;9.27836056365;0.00000000000
306;-21.6882718304;14.2403690167;0.00000000000
307;-17.6801086743;18.0852577845;0.00000000000
308;-93.9184966126;7.70397037401;0.00000000000
309;-93.8894687856;11.5156569468;0.00000000000
310;-93.9107924614;15.2665031161;0.00000000000
311;-93.9939674616;19.0286555893;0.00000000000
312;-94.0291408001;22.8095244053;0.00000000000
313;-94.0288558083;26.6200940128;0.00000000000
314;-93.9513414654;30.4398969623;0.00000000000
315;-93.7807553747;34.2289623596;0.00000000000
316;-93.6396276200;38.0361295337;0.00000000000
317;-93.6752310641;41.9447679484;0.00000000000
318;-91.6491511585;43.8113434641;0.00000000000
319;-87.5313258405;43.4792161403;0.00000000000
320;-83.5336019789;43.2346274869;0.00000000000
;;;
NODE;X;Y;Z
321;-79.5995443350;43.1064165308;0.00000000000
322;-75.6846165744;43.0565010837;0.00000000000
323;-71.7678302885;43.0435054398;0.00000000000
324;-67.8222329407;43.1435423037;0.00000000000
325;-63.8420156137;43.1890551584;0.00000000000
326;-59.8442948519;43.2259338282;0.00000000000
327;-55.8430598659;43.2537300401;0.00000000000
328;-51.8442900514;43.2761395581;0.00000000000
329;-47.8646050665;43.3078933852;0.00000000000
330;-43.9124311425;43.3248808733;0.00000000000
331;-39.9828140547;43.3970480643;0.00000000000
332;-36.0522401256;43.5207862383;0.00000000000
333;-32.1439168200;43.6734824556;0.00000000000
334;-28.1768844567;43.8292483123;0.00000000000
335;-24.1473649393;43.8984337237;0.00000000000
336;-19.9503083481;43.6852212209;0.00000000000
337;-15.6749655680;43.2216708616;0.00000000000
338;-11.1022241710;42.7840699904;0.00000000000
339;-7.86501840332;44.5841138081;0.00000000000
340;-11.5587669012;33.3118243043;0.00000000000
;;;
NODE;X;Y;Z
341;-27.7917891902;9.91543425371;0.00000000000
342;-32.2078245148;9.73497256264;0.00000000000
343;-36.6793370673;9.35741080542;0.00000000000
344;-41.0274074527;9.09511037205;0.00000000000
345;-45.2714177041;8.92400715939;0.00000000000
346;-49.4383070237;8.78347261520;0.00000000000
347;-53.5455553146;8.64852812437;0.00000000000
348;-57.6137738383;8.54978632394;0.00000000000
349;-61.6593198858;8.47144941600;0.00000000000
350;-65.6849305818;8.40351912826;0.00000000000
351;-69.6962679639;8.31935304729;0.00000000000
352;-73.6932712929;8.21008412833;0.00000000000
353;-77.6912842577;8.06446642094;0.00000000000
354;-81.7141950687;7.92864782815;0.00000000000
355;-85.7730163496;7.82308384558;0.00000000000
356;-89.8496702646;7.73142790257;0.00000000000
357;-21.4737769782;17.6706539842;0.00000000000
358;-91.8646707321;9.60523364355;0.00000000000
359;-91.8663503463;13.3727430498;0.00000000000
360;-91.9524417234;17.1058022847;0.00000000000
;;;
NODE;X;Y;Z
361;-92.0222959654;20.8410103216;0.00000000000
362;-92.0530048886;24.6105650378;0.00000000000
363;-92.0033145390;28.4019850197;0.00000000000
364;-91.8016008972;32.1676903753;0.00000000000
365;-91.5882354919;35.9422682795;0.00000000000
366;-91.5336893861;39.8115452931;0.00000000000
367;-89.4611741055;41.5383697639;0.00000000000
368;-85.3596022460;41.1233339244;0.00000000000
369;-81.4102414962;40.8559322284;0.00000000000
370;-77.5201772622;40.7406403214;0.00000000000
371;-73.6409910839;40.7128841511;0.00000000000
372;-69.7441498838;40.7428882834;0.00000000000
373;-65.8009154753;40.8132018927;0.00000000000
374;-61.8169410946;40.8750641397;0.00000000000
375;-57.8190787163;40.9204295166;0.00000000000
376;-53.8212437522;40.9541776128;0.00000000000
377;-49.8398252827;40.9899339207;0.00000000000
378;-45.8782700468;41.0411265654;0.00000000000
379;-41.9435988185;41.1195362910;0.00000000000
380;-38.0265102654;41.2551424136;0.00000000000
;;;
NODE;X;Y;Z
381;-34.1288063867;41.4483596489;0.00000000000
382;-30.2363410652;41.6639792089;0.00000000000
383;-26.2667105670;41.8279965541;0.00000000000
384;-22.1257694186;41.7612450810;0.00000000000
385;-17.7127324900;41.3212863090;0.00000000000
386;-12.8513272661;40.5510102515;0.00000000000
387;-8.90101426271;41.5488735316;0.00000000000
388;-14.4808052359;28.9567048727;0.00000000000
389;-29.6681712240;12.3030272496;0.00000000000
390;-34.3292211589;11.8137945807;0.00000000000
391;-38.7854185949;11.4598767738;0.00000000000
392;-43.1009666808;11.2392393781;0.00000000000
393;-47.3167550848;11.0839203807;0.00000000000
394;-51.4620468288;10.9047354451;0.00000000000
395;-55.5465200624;10.7644339676;0.00000000000
396;-59.5977284807;10.6839458641;0.00000000000
397;-63.6311997742;10.6051579451;0.00000000000
398;-67.6460315094;10.5296457879;0.00000000000
399;-71.6445883995;10.3807635905;0.00000000000
400;-75.6385397013;10.2436748951;0.00000000000
;;;
NODE;X;Y;Z
401;-79.6478872648;10.0527714989;0.00000000000
402;-83.6922318879;9.86006058757;0.00000000000
403;-87.7828235904;9.66919584458;0.00000000000
404;-24.6265608941;18.1203587647;0.00000000000
405;-89.7978240579;11.5430015856;0.00000000000
406;-89.8291108907;15.3058806936;0.00000000000
407;-90.0297470748;18.9878427223;0.00000000000
408;-90.1441791477;22.6374519010;0.00000000000
409;-90.1775615772;26.3761909568;0.00000000000
410;-89.8351106416;30.0011576462;0.00000000000
411;-89.5890763382;33.7232188862;0.00000000000
412;-89.2375630316;37.4631319363;0.00000000000
413;-83.1652103745;38.5712093562;0.00000000000
414;-79.3155766570;38.3667418022;0.00000000000
415;-75.5185616486;38.2858220842;0.00000000000
416;-71.6966530418;38.2922760430;0.00000000000
417;-67.7697945322;38.3931738187;0.00000000000
418;-63.7943915728;38.4828411845;0.00000000000
419;-59.8010415806;38.5476347792;0.00000000000
420;-55.8017235971;38.5941049925;0.00000000000
;;;
NODE;X;Y;Z
421;-51.7995766339;38.6479835481;0.00000000000
422;-47.8162401625;38.7207118060;0.00000000000
423;-43.8557949418;38.8079406986;0.00000000000
424;-39.9492504932;38.9095735411;0.00000000000
425;-36.0787886852;39.1095159220;0.00000000000
426;-32.2536141647;39.3900905129;0.00000000000
427;-28.4036789854;39.7242445802;0.00000000000
428;-24.4880214478;39.8906688694;0.00000000000
429;-20.3869260075;39.7512734535;0.00000000000
430;-15.6014317614;38.8877563569;0.00000000000
431;-31.7895678682;14.3818492676;0.00000000000
432;-36.4353026865;13.9162605490;0.00000000000
433;-40.8589778230;13.6040057798;0.00000000000
434;-45.1463040615;13.3991525994;0.00000000000
435;-49.3404948899;13.2051832106;0.00000000000
436;-53.4630115766;13.0206412883;0.00000000000
437;-57.5304747047;12.8985935077;0.00000000000
438;-61.5696083691;12.8176543932;0.00000000000
439;-65.5923007018;12.7312846047;0.00000000000
440;-69.5943519451;12.5910563311;0.00000000000
;;;
NODE;X;Y;Z
441;-73.5898568079;12.4143543572;0.00000000000
442;-77.5951427083;12.2319799731;0.00000000000
443;-81.6259240839;11.9841842584;0.00000000000
444;-12.4843912010;24.5759487333;0.00000000000
445;-87.7605846023;13.4761392294;0.00000000000
446;-87.9064162420;17.1879211313;0.00000000000
447;-88.1516302570;20.7842843017;0.00000000000
448;-88.2687358363;24.4030778200;0.00000000000
449;-88.0093576798;27.9753635833;0.00000000000
450;-87.6225860826;31.5566861571;0.00000000000
451;-87.2384038779;35.2440825430;0.00000000000
452;-81.0705455354;36.0820189300;0.00000000000
453;-77.3139610434;35.9119235650;0.00000000000
454;-73.5742236065;35.8652139761;0.00000000000
455;-69.7222976901;35.9425615783;0.00000000000
456;-65.7632706298;36.0628131105;0.00000000000
457;-61.7784920589;36.1554118240;0.00000000000
458;-57.7836864614;36.2213102551;0.00000000000
459;-53.7800564788;36.2879109278;0.00000000000
460;-49.7759915136;36.3787614334;0.00000000000
;;;
NODE;X;Y;Z
461;-45.7937650574;36.4875259392;0.00000000000
462;-41.8614466164;36.5979779487;0.00000000000
463;-38.0015289130;36.7639470495;0.00000000000
464;-34.2035964633;37.0512467861;0.00000000000
465;-30.4209520849;37.4503558842;0.00000000000
466;-26.6249898661;37.7869168955;0.00000000000
467;-22.7491780366;37.8806972420;0.00000000000
468;-18.2756252789;37.3177435015;0.00000000000
469;-17.9869976933;28.1942624547;0.00000000000
470;-29.6014877393;16.9225325180;0.00000000000
471;-34.2832455135;16.3352667128;0.00000000000
472;-38.7435468349;15.9433239361;0.00000000000
473;-43.0622472304;15.7044225008;0.00000000000
474;-47.2835907004;15.5452596690;0.00000000000
475;-51.4350991820;15.3459535104;0.00000000000
476;-55.5251040334;15.2060092250;0.00000000000
477;-59.5722702844;15.1297900918;0.00000000000
478;-63.6016338231;15.0035609629;0.00000000000
479;-67.5926453363;14.8872212718;0.00000000000
480;-71.5778363032;14.7116965778;0.00000000000
;;;
NODE;X;Y;Z
481;-75.5829729055;14.5080422635;0.00000000000
482;-79.5830347301;14.2280392290;0.00000000000
483;-83.6466137645;13.7988919372;0.00000000000
484;-23.2162460205;22.0393891817;0.00000000000
485;-85.7051592382;15.5688585800;0.00000000000
486;-85.8874983882;19.3464511947;0.00000000000
487;-86.2741438258;22.7918302925;0.00000000000
488;-86.7724090056;25.9920903621;0.00000000000
489;-75.6135457973;33.2023387945;0.00000000000
490;-67.7486056620;33.6193783849;0.00000000000
491;-59.7667891105;33.8445173358;0.00000000000
492;-51.7618759755;33.9670256796;0.00000000000
493;-43.7803237145;34.1594062089;0.00000000000
494;-36.0392854081;34.5673297492;0.00000000000
495;-28.6054734857;35.5944507282;0.00000000000
496;-21.1393260982;36.0059228007;0.00000000000
497;-32.0951653846;18.8759499632;0.00000000000
498;-36.5914896619;18.3623300999;0.00000000000
499;-40.9468162423;18.0437406571;0.00000000000
500;-45.1995338694;17.8505295704;0.00000000000
;;;
NODE;X;Y;Z
501;-49.3781949926;17.6860299689;0.00000000000
502;-53.4971916388;17.5313214472;0.00000000000
503;-57.5668996131;17.4372058091;0.00000000000
504;-61.6042957385;17.3156966615;0.00000000000
505;-65.6019784576;17.1594976300;0.00000000000
506;-69.5761296944;17.0078615185;0.00000000000
507;-73.5709524007;16.8053844840;0.00000000000
508;-77.5708649273;16.5041015194;0.00000000000
509;-81.6037244108;16.0427469078;0.00000000000
510;-83.6862413844;17.7273886434;0.00000000000
511;-84.0100119570;21.3539971854;0.00000000000
512;-84.7778169951;24.3808428345;0.00000000000
513;-34.6659696630;20.7967535956;0.00000000000
514;-38.9667942655;20.4021822666;0.00000000000
515;-43.1990919804;20.1767371170;0.00000000000
516;-47.3775722090;20.0390274979;0.00000000000
517;-51.5018236848;19.9053109856;0.00000000000
518;-55.5772844676;19.8047079809;0.00000000000
519;-59.6245020834;19.7240281683;0.00000000000
520;-63.6422863473;19.5637537211;0.00000000000
;;;
NODE;X;Y;Z
521;-67.6037764309;19.4264060232;0.00000000000
522;-71.5955703137;19.2059715088;0.00000000000
523;-75.5836407530;18.9425882934;0.00000000000
524;-79.6118302978;18.4783761578;0.00000000000
525;-30.3129625422;21.4580961793;0.00000000000
526;-82.1704043261;24.2304891311;0.00000000000
527;-84.2279218649;26.9435618383;0.00000000000
528;-75.7663116937;28.1996297350;0.00000000000
529;-69.7357650197;31.1422953744;0.00000000000
530;-67.7304947181;28.8641309096;0.00000000000
531;-61.7498614416;31.4476002146;0.00000000000
532;-59.7408513240;29.1256712239;0.00000000000
533;-53.7478417268;31.5894792362;0.00000000000
534;-51.7052437050;29.2323756763;0.00000000000
535;-45.7309382377;31.7276191152;0.00000000000
536;-43.6464092367;29.4109815160;0.00000000000
537;-37.8879123879;32.1000124596;0.00000000000
538;-35.7833824454;29.9295084867;0.00000000000
539;-30.5018365355;33.1479580225;0.00000000000
540;-32.8837668207;23.3788998117;0.00000000000
;;;
NODE;X;Y;Z
541;-37.0412742667;22.8366057624;0.00000000000
542;-41.2190700036;22.5351787266;0.00000000000
543;-45.3771303200;22.3652350445;0.00000000000
544;-49.5012009013;22.2583085146;0.00000000000
545;-53.5819165135;22.1786975194;0.00000000000
546;-57.6348869378;22.0915303401;0.00000000000
547;-61.6624926922;21.9720852278;0.00000000000
548;-65.6440843206;21.8306621143;0.00000000000
549;-69.6232170501;21.6245160135;0.00000000000
550;-73.6082586660;21.3431753182;0.00000000000
551;-77.6246061236;20.9168629318;0.00000000000
552;-22.0198892285;25.0791192365;0.00000000000
553;-24.9069006098;25.7966740296;0.00000000000
554;-28.8337336503;24.3175878249;0.00000000000
555;-81.6205091958;26.7932081349;0.00000000000
556;-79.8547396405;23.0395098391;0.00000000000
557;-73.7471713130;26.0446813467;0.00000000000
558;-71.7296388578;28.6476549979;0.00000000000
559;-65.7299136692;26.5691750016;0.00000000000
560;-63.7463183733;29.0201040692;0.00000000000
;;;
NODE;X;Y;Z
561;-57.7148368083;26.7871410643;0.00000000000
562;-55.7231103635;29.1950414056;0.00000000000
563;-49.6374152808;26.8838942344;0.00000000000
564;-47.6624356183;29.2955216497;0.00000000000
565;-41.5318830461;27.1254274157;0.00000000000
566;-39.6545068003;29.5725039198;0.00000000000
567;-33.6868264716;27.9215399221;0.00000000000
568;-32.0564481058;30.5119775769;0.00000000000
569;-26.3608656549;29.6494204759;0.00000000000
570;-29.9359548241;28.6999242780;0.00000000000
571;-1.99096733931;46.2680645449;0.00000000000
572;-4.09796966164;44.3421852868;0.00000000000
573;-3.99096733931;48.1430645449;0.00000000000
574;-6.09336271987;46.2282087649;0.00000000000
575;-93.7949063980;45.9281577932;0.00000000000
576;-14.4746878728;17.9112057833;0.00000000000
577;-27.5076126700;2.40770290703;0.00000000000
578;-29.0131634700;4.87528017515;0.00000000000
579;-25.0441302659;4.55746295686;0.00000000000
580;-26.3292982894;7.34801866448;0.00000000000
;;;
NODE;X;Y;Z
581;-24.7691803058;12.7578459576;0.00000000000
582;-13.6607215904;21.3320485345;0.00000000000
583;-16.8661423919;21.5061005357;0.00000000000
584;-9.52505026114;23.6490789909;0.00000000000
585;-7.87193838534;26.4575432761;0.00000000000
586;-11.2543465456;28.3914548570;0.00000000000
587;-87.1650477509;39.1899564071;0.00000000000
588;-85.7020391286;11.7061725866;0.00000000000
589;-26.6455623397;15.1454389535;0.00000000000
590;-15.7108498913;25.1411987489;0.00000000000
591;-10.5873426964;37.8932453723;0.00000000000
592;-20.0634621045;21.5896844012;0.00000000000
593;-18.9081696039;25.2247826144;0.00000000000
594;-84.9706558795;36.6378318389;0.00000000000
595;-27.5824862937;19.8974523292;0.00000000000
596;-16.3264369717;34.8568320127;0.00000000000
597;-18.0539491386;31.1762224213;0.00000000000
598;-19.1901377910;33.5450113119;0.00000000000
599;-23.2876557703;34.1096074564;0.00000000000
600;-24.8975077087;35.9843818976;0.00000000000
;;;
NODE;X;Y;Z
601;-24.8575137295;32.1054314826;0.00000000000
602;-26.8779913283;33.7919157303;0.00000000000
603;-32.3173151347;35.0038631785;0.00000000000
604;-34.1530040795;32.5199461416;0.00000000000
605;-39.8501558928;34.2966297599;0.00000000000
606;-41.7690329909;31.8580580201;0.00000000000
607;-47.7443795806;34.0557388454;0.00000000000
608;-49.7302640425;31.6440030916;0.00000000000
609;-55.7660222301;33.9103644845;0.00000000000
610;-57.7491248792;31.5335715652;0.00000000000
611;-63.7615643899;33.7584947028;0.00000000000
612;-65.7468994222;31.3150599772;0.00000000000
613;-71.7094570478;33.4654785678;0.00000000000
614;-73.7487792386;30.8026033862;0.00000000000
615;-21.0987173179;28.0485990768;0.00000000000
616;-26.1032574018;22.7569439748;0.00000000000
617;-81.6943472714;20.1630178934;0.00000000000
618;-23.8047639295;28.4132119937;0.00000000000
619;-28.3813432538;31.3359047236;0.00000000000
620;-27.4630023352;27.0328825118;0.00000000000
;;;
NODE;X;Y;Z
621;-31.3066861391;25.9846295911;0.00000000000
622;-37.5499768578;27.4019999470;0.00000000000
623;-35.2639071532;25.3158101427;0.00000000000
624;-39.3273439713;24.9227955667;0.00000000000
625;-45.5779066173;26.9788840505;0.00000000000
626;-43.4236090784;24.7378105756;0.00000000000
627;-47.5314278589;24.6063085195;0.00000000000
628;-53.6805123417;26.8379378457;0.00000000000
629;-51.6071883232;24.5358942296;0.00000000000
630;-55.6552405320;24.4807411356;0.00000000000
631;-61.7373082557;26.6981750785;0.00000000000
632;-59.6944832141;24.3979302689;0.00000000000
633;-63.7053177339;24.2723300375;0.00000000000
634;-69.7243685563;26.3694905331;0.00000000000
635;-67.6686802559;24.1275070784;0.00000000000
636;-71.6789053504;23.8664994682;0.00000000000
637;-75.6765246285;23.5213571967;0.00000000000
638;-77.9066581454;25.6440041039;0.00000000000
639;-82.6678129500;29.5085715407;0.00000000000
640;-79.0401713505;30.9673320503;0.00000000000
;;;
NODE;X;Y;Z
641;-21.9358717111;31.3020651561;0.00000000000
642;-28.0776222824;29.1575342030;0.00000000000
643;-31.7942873658;28.2423143531;0.00000000000
644;-39.5205881380;27.2032344029;0.00000000000
645;-47.6126352803;26.9101476727;0.00000000000
646;-55.6988294020;26.8182348953;0.00000000000
647;-63.7437722970;26.6403029237;0.00000000000
648;-71.7326820711;26.2409339867;0.00000000000
649;-24.6441090275;30.1413067487;0.00000000000
650;-35.5793655775;27.6007654911;0.00000000000
651;-43.5431779542;27.0476204284;0.00000000000
652;-51.6621952813;26.8576407962;0.00000000000
653;-59.7308442145;26.7560472334;0.00000000000
654;-67.7160550415;26.4980470796;0.00000000000
655;-75.7616605548;25.8484287067;0.00000000000
656;-82.1462632443;30.8703063128;0.00000000000
657;-83.1893626556;28.1468367686;0.00000000000
658;-80.0516557360;25.4395795011;0.00000000000
659;-30.8190849125;23.7269448292;0.00000000000
660;-79.6578235450;20.6394401770;0.00000000000
;;;
NODE;X;Y;Z
661;-75.5913887021;21.1942856867;0.00000000000
662;-71.6251286298;21.4920649498;0.00000000000
663;-67.6213054704;21.7569670773;0.00000000000
664;-63.6668631708;21.9043571514;0.00000000000
665;-59.6581222136;22.0398133043;0.00000000000
666;-55.6116516619;22.1432473758;0.00000000000
667;-51.5521813651;22.2141476630;0.00000000000
668;-47.4502204374;22.3024693663;0.00000000000
669;-43.3040402026;22.4280007227;0.00000000000
670;-39.1340998045;22.6423567305;0.00000000000
671;-34.9484487288;23.0308547943;0.00000000000
672;-21.0743596255;23.4731212344;0.00000000000
673;-19.2320158043;29.4120809150;0.00000000000
674;-15.7769914705;36.7733000978;0.00000000000
675;-20.7742590872;37.8621869052;0.00000000000
676;-24.7240969860;37.8992075787;0.00000000000
677;-28.5258827463;37.6746262122;0.00000000000
678;-32.3160214235;37.2260855562;0.00000000000
679;-36.0911715030;36.8764080159;0.00000000000
680;-39.9118863230;36.6514860831;0.00000000000
;;;
NODE;X;Y;Z
681;-43.8110069098;36.5444698143;0.00000000000
682;-47.7765232050;36.4305820640;0.00000000000
683;-51.7754598223;36.3269408027;0.00000000000
684;-55.7846531353;36.2488810529;0.00000000000
685;-59.7827197875;36.1937394572;0.00000000000
686;-63.7742643302;36.1170841908;0.00000000000
687;-67.7522769293;36.0085420302;0.00000000000
688;-71.6923184510;35.8765811264;0.00000000000
689;-75.4561287619;35.8538468258;0.00000000000
690;-79.1717933249;35.9700003043;0.00000000000
691;-82.9692977458;36.1940375556;0.00000000000
692;-86.9720140132;37.0816261222;0.00000000000
693;-87.5047937427;33.4065389638;0.00000000000
694;-87.7403784226;29.7068333504;0.00000000000
695;-88.2783369370;26.2438938161;0.00000000000
696;-88.2591347355;22.5622618239;0.00000000000
697;-88.0441257785;19.0063067796;0.00000000000
698;-87.7687067055;15.3695354830;0.00000000000
699;-14.6797202002;23.3059535034;0.00000000000
700;-87.7524624991;11.5827429758;0.00000000000
;;;
NODE;X;Y;Z
701;-83.6516157581;11.8296021973;0.00000000000
702;-79.6002324097;12.1387663194;0.00000000000
703;-75.5900530070;12.3251936268;0.00000000000
704;-71.5896606088;12.5035150877;0.00000000000
705;-67.5990432813;12.6785975744;0.00000000000
706;-63.5855581223;12.7839716350;0.00000000000
707;-59.5536586158;12.8513371513;0.00000000000
708;-55.5072907937;12.9458498641;0.00000000000
709;-51.4187323596;13.0954327126;0.00000000000
710;-47.2622574202;13.3149337086;0.00000000000
711;-43.0303507027;13.4833714902;0.00000000000
712;-38.6876049433;13.7246400695;0.00000000000
713;-34.1830004297;14.1078810286;0.00000000000
714;-29.3961353066;14.6558175067;0.00000000000
715;-16.7419795824;26.9764439944;0.00000000000
716;-10.2890622017;25.8459439631;0.00000000000
717;-10.2767824799;40.0998078870;0.00000000000
718;-15.4258720522;41.0022126161;0.00000000000
719;-19.9995929277;41.6403600019;0.00000000000
720;-24.2519459096;41.8821301601;0.00000000000
;;;
NODE;X;Y;Z
721;-28.2814752244;41.7738629481;0.00000000000
722;-32.1912069059;41.5540954697;0.00000000000
723;-36.0664058675;41.3426238281;0.00000000000
724;-39.9866146634;41.1676609991;0.00000000000
725;-43.9005829737;41.0714115829;0.00000000000
726;-47.8559571200;41.0108415480;0.00000000000
727;-51.8236934454;40.9690262935;0.00000000000
728;-55.8187940589;40.9393289320;0.00000000000
729;-59.8193633738;40.9015301011;0.00000000000
730;-63.8145188154;40.8485981783;0.00000000000
731;-67.7873121352;40.7778056072;0.00000000000
732;-71.7009876325;40.7079709596;0.00000000000
733;-75.5809945352;40.7177973427;0.00000000000
734;-79.4593599891;40.7634833001;0.00000000000
735;-83.3611230032;40.9483811568;0.00000000000
736;-87.3580814887;41.2982866920;0.00000000000
737;-91.5642667223;41.7784528358;0.00000000000
738;-91.5031120500;37.8446377504;0.00000000000
739;-91.6733589338;34.0398988086;0.00000000000
740;-91.9298428607;30.2954819419;0.00000000000
;;;
NODE;X;Y;Z
741;-92.0767862174;26.5084880974;0.00000000000
742;-92.0292235598;22.7126419781;0.00000000000
743;-92.0153683710;18.9693786651;0.00000000000
744;-91.8895150759;15.2422259043;0.00000000000
745;-91.8431856166;11.5032601953;0.00000000000
746;-19.0525645836;19.7062475680;0.00000000000
747;-23.8949893727;15.6350604004;0.00000000000
748;-91.8861558475;7.70720709180;0.00000000000
749;-87.8131846816;7.75564871335;0.00000000000
750;-83.7328480176;7.89051897781;0.00000000000
751;-79.6955421199;7.96677667849;0.00000000000
752;-75.6870263956;8.16215616339;0.00000000000
753;-71.6995161902;8.25801209327;0.00000000000
754;-67.6930197375;8.38069400130;0.00000000000
755;-63.6768414260;8.42634425521;0.00000000000
756;-59.6417983456;8.51655457680;0.00000000000
757;-55.5857493311;8.58301807109;0.00000000000
758;-51.5053612980;8.71403817766;0.00000000000
759;-47.3712527493;8.85290705274;0.00000000000
760;-43.1715826589;8.99510726603;0.00000000000
;;;
NODE;X;Y;Z
761;-38.8832322466;9.19511347808;0.00000000000
762;-34.4754418880;9.51970813277;0.00000000000
763;-29.9402071415;9.95023699251;0.00000000000
764;-25.6433712389;9.88063151491;0.00000000000
765;-7.52524604551;42.9979391761;0.00000000000
766;-10.8979029130;35.6866828576;0.00000000000
767;-12.2196308894;30.9369657510;0.00000000000
768;-8.20479076112;46.1702884400;0.00000000000
769;-11.9276658622;45.4683320938;0.00000000000
770;-15.9240590838;45.4411291070;0.00000000000
771;-19.9010237686;45.7300824400;0.00000000000
772;-24.0427839690;45.9147372873;0.00000000000
773;-28.0722936890;45.8846336765;0.00000000000
774;-32.0966267342;45.7928694415;0.00000000000
775;-36.0380743837;45.6989486485;0.00000000000
776;-39.9790134460;45.6264351295;0.00000000000
777;-43.9242793113;45.5783501637;0.00000000000
778;-47.8732530130;45.6049452223;0.00000000000
779;-51.8648866573;45.5832528227;0.00000000000
780;-55.8673256729;45.5681311482;0.00000000000
;;;
NODE;X;Y;Z
781;-59.8692263300;45.5503375553;0.00000000000
782;-63.8695124120;45.5295121385;0.00000000000
783;-67.8571537462;45.5092790003;0.00000000000
784;-71.8346729444;45.3790399201;0.00000000000
785;-75.7882386135;45.3952048247;0.00000000000
786;-79.7397286808;45.4493497616;0.00000000000
787;-83.7060809547;45.5208738170;0.00000000000
788;-87.7045701922;45.6601455886;0.00000000000
789;-91.7340355946;45.8442340924;0.00000000000
790;-95.8557772013;46.0120814939;0.00000000000
791;-95.7861954060;42.1110830610;0.00000000000
792;-95.7761431900;38.2276213170;0.00000000000
793;-95.8881518156;34.4180259105;0.00000000000
794;-95.9728400702;30.5843119827;0.00000000000
795;-95.9809253991;26.7316999282;0.00000000000
796;-96.0290580404;22.9064068325;0.00000000000
797;-95.9725665522;19.0879325134;0.00000000000
798;-95.9320698468;15.2907803279;0.00000000000
799;-95.9357519547;11.5280536983;0.00000000000
800;-95.9508373778;7.70073365622;0.00000000000
;;;
NODE;X;Y;Z
801;-8.76103832057;21.4522140187;0.00000000000
802;-12.6417229806;19.3581435656;0.00000000000
803;-16.3076527650;16.4642680011;0.00000000000
804;-19.4815542881;12.8456776330;0.00000000000
805;-21.6049915294;8.67608961239;0.00000000000
806;-95.9858880299;3.85892509146;0.00000000000
807;-91.9466795397;3.89476231256;0.00000000000
808;-87.8869091346;3.94717576827;0.00000000000
809;-83.8643855176;3.93417027180;0.00000000000
810;-79.8417505990;3.95963050276;0.00000000000
811;-75.8364378327;4.02047758206;0.00000000000
812;-71.8372367845;4.08020739505;0.00000000000
813;-67.8558060185;4.14356022442;0.00000000000
814;-63.8251421907;4.21267084380;0.00000000000
815;-59.8000616575;4.21444245841;0.00000000000
816;-55.7608677837;4.28733097062;0.00000000000
817;-51.7205115859;4.33311275858;0.00000000000
818;-47.6304477014;4.42526488479;0.00000000000
819;-43.5064243501;4.51174960963;0.00000000000
820;-39.3432485084;4.62214607110;0.00000000000
;;;
NODE;X;Y;Z
821;-35.1445886603;4.81128270268;0.00000000000
822;-31.0111016001;4.93515453624;0.00000000000
823;-23.0730351919;4.29952009966;0.00000000000
824;-4.21400464466;42.3982414838;0.00000000000
825;-5.02134845078;38.7633577282;0.00000000000
826;-5.74674666956;35.0376239013;0.00000000000
827;-5.99626855989;31.1321548321;0.00000000000
828;-5.45481456896;27.0691425890;0.00000000000
829;-4.59050611860;22.9215703907;0.00000000000
830;-3.98193467863;46.2861290898;0.00000000000
831;-27.0152253399;4.81540581406;0.00000000000
832;-16.8758824729;32.9403639276;0.00000000000
833;-25.0709184314;34.0695562165;0.00000000000
834;-25.3581324156;20.6056571290;0.00000000000
835;-29.8068401719;19.1892475294;0.00000000000
836;-34.3834905972;18.5626523970;0.00000000000
837;-38.7994887265;18.1620078028;0.00000000000
838;-43.0941437581;17.9254735114;0.00000000000
839;-47.3049239807;17.7755856294;0.00000000000
840;-51.4514660045;17.5964743083;0.00000000000
;;;
NODE;X;Y;Z
841;-55.5429172732;17.4661685860;0.00000000000
842;-59.5908819531;17.4082430322;0.00000000000
843;-63.6177095239;17.2231502908;0.00000000000
844;-67.5862473914;17.0958449692;0.00000000000
845;-71.5660119975;16.9198780679;0.00000000000
846;-75.5758928039;16.6908909002;0.00000000000
847;-79.5658370506;16.3173121386;0.00000000000
848;-83.6416117710;15.7681816771;0.00000000000
849;-83.7308709978;19.6865956098;0.00000000000
850;-84.2891529161;23.0213987610;0.00000000000
851;-85.2664810741;25.7402869081;0.00000000000
852;-75.7709628326;30.5508307632;0.00000000000
853;-67.7449343948;31.2302147397;0.00000000000
854;-59.7508584335;31.4952952144;0.00000000000
855;-51.7482921287;31.6071105565;0.00000000000
856;-43.7496405192;31.7743426036;0.00000000000
857;-35.9873993133;32.2582514824;0.00000000000
858;-28.6850642252;33.5142752442;0.00000000000
859;-21.5043931091;34.1496586963;0.00000000000
860;-26.8483823880;24.9082308205;0.00000000000
;;;
NODE;X;Y;Z
861;-71.7265956445;31.0543760092;0.00000000000
862;-63.7488644496;31.3999052148;0.00000000000
863;-55.7473913249;31.5718479160;0.00000000000
864;-47.7122359563;31.6808956268;0.00000000000
865;-39.7884254626;31.9417734367;0.00000000000
866;-32.3186088458;32.7816408008;0.00000000000
867;-22.9654188315;26.6851172386;0.00000000000
